{"cameraMode":{"drawMode":0,"name":"Shaded","section":"Shading Mode"},"sceneLighting":true,"audioPlay":false,"sceneViewState":{"m_AlwaysRefresh":false,"showFog":true,"showSkybox":true,"showFlares":true,"showImageEffects":true,"showParticleSystems":true,"showVisualEffectGraphs":true,"m_FxEnabled":false},"in2DMode":false,"pivot":{"x":72.04975891113281,"y":6.453181743621826,"z":14.572975158691407},"rotation":{"x":0.13804522156715394,"y":-0.7261504530906677,"z":0.1526794135570526,"w":0.6559844017028809},"size":0.45257654786109927,"orthographic":false}