{"cameraMode":{"drawMode":0,"name":"Shaded","section":"Shading Mode"},"sceneLighting":true,"audioPlay":false,"sceneViewState":{"m_AlwaysRefresh":false,"showFog":true,"showSkybox":true,"showFlares":true,"showImageEffects":true,"showParticleSystems":true,"showVisualEffectGraphs":true,"m_FxEnabled":false},"in2DMode":false,"pivot":{"x":803.7706909179688,"y":455.2015380859375,"z":-14.2464599609375},"rotation":{"x":-0.011788277886807919,"y":0.0037307394668459894,"z":0.0010876182932406664,"w":0.9998499155044556},"size":419.0489807128906,"orthographic":false}