{"cameraMode":{"drawMode":0,"name":"Shaded","section":"Shading Mode"},"sceneLighting":true,"audioPlay":false,"sceneViewState":{"m_AlwaysRefresh":false,"showFog":true,"showSkybox":true,"showFlares":true,"showImageEffects":true,"showParticleSystems":true,"showVisualEffectGraphs":true,"m_FxEnabled":false},"in2DMode":false,"pivot":{"x":281.37530517578127,"y":-114.0728988647461,"z":196.30731201171876},"rotation":{"x":0.21411877870559693,"y":0.5232638120651245,"z":-0.13642112910747529,"w":0.8133912086486816},"size":124.69257354736328,"orthographic":false}