{"cameraMode":{"drawMode":0,"name":"Shaded","section":"Shading Mode"},"sceneLighting":true,"audioPlay":false,"sceneViewState":{"m_AlwaysRefresh":false,"showFog":true,"showSkybox":true,"showFlares":true,"showImageEffects":true,"showParticleSystems":true,"showVisualEffectGraphs":true,"m_FxEnabled":false},"in2DMode":false,"pivot":{"x":64.70999908447266,"y":3.510000228881836,"z":7.820000648498535},"rotation":{"x":-0.011788277886807919,"y":0.0037307394668459894,"z":0.0010876182932406664,"w":0.9998499155044556},"size":12.12435531616211,"orthographic":false}