{"cameraMode":{"drawMode":0,"name":"Shaded","section":"Shading Mode"},"sceneLighting":true,"audioPlay":false,"sceneViewState":{"m_AlwaysRefresh":false,"showFog":true,"showSkybox":true,"showFlares":true,"showImageEffects":true,"showParticleSystems":true,"showVisualEffectGraphs":true,"m_FxEnabled":false},"in2DMode":false,"pivot":{"x":71.69855499267578,"y":-4.265781402587891,"z":26.122676849365236},"rotation":{"x":0.37329423427581789,"y":0.026150600984692575,"z":-0.009312490932643414,"w":0.927215576171875},"size":6.310063362121582,"orthographic":false}