{"cameraMode":{"drawMode":0,"name":"Shaded","section":"Shading Mode"},"sceneLighting":true,"audioPlay":false,"sceneViewState":{"m_AlwaysRefresh":false,"showFog":true,"showSkybox":true,"showFlares":true,"showImageEffects":true,"showParticleSystems":true,"showVisualEffectGraphs":true,"m_FxEnabled":false},"in2DMode":false,"pivot":{"x":182.62319946289063,"y":50.96493148803711,"z":508.1858825683594},"rotation":{"x":0.0442778617143631,"y":-0.12594346702098847,"z":-0.006723216734826565,"w":-0.9909487962722778},"size":234.90338134765626,"orthographic":false}